<?xml version="1.0" encoding="UTF-8"?>
<!DOCTYPE hibernate-configuration PUBLIC
		"-//Hibernate/Hibernate Configuration DTD 3.0//EN"
		"http://hibernate.org/dtd/hibernate-configuration-3.0.dtd">
<hibernate-configuration>
    <session-factory>
        <property name="connection.driver_class">oracle.jdbc.driver.OracleDriver</property>
    <property name="connection.url">jdbc:oracle:thin:@localhost:1521:xe</property>
    <property name="dialect">org.hibernate.dialect.Oracle10gDialect</property>
    <property name="connection.username">hr</property>
    <property name="connection.password">hr2</property>
        
        <property name="hibernate.hbm2ddl.auto">create</property>
        <property name="hibernate.current_session_context_class">thread</property>
        <property name="hibernate.show_sql">true</property>
        
        <mapping class="com.phoenixair.pojos.FlightUser"/>
        <mapping class="com.phoenixair.pojos.Transactions"/>
        <mapping class="com.phoenixair.pojos.Passengers"/>
        
    </session-factory>
</hibernate-configuration>
